<settings>
  <Tag>Venom Client</Tag>
  <Hosts>127.0.0.1:4782;</Hosts>
  <Password>123</Password>
  <Delay>3000</Delay>
  <Mutex>JlYM51eW4iZoFyLa2X</Mutex>
  <InstallClient>False</InstallClient>
  <AntiKill>False</AntiKill>
  <WD>False</WD>
  <USB>False</USB>
  <InstallName>Venom</InstallName>
  <InstallPath>1</InstallPath>
  <InstallSub>
  </InstallSub>
  <HideFile>False</HideFile>
  <HideSubDirectory>False</HideSubDirectory>
  <AddStartup>False</AddStartup>
  <RegistryName>Venom Client Startup</RegistryName>
  <ChangeIcon>False</ChangeIcon>
  <IconPath>
  </IconPath>
  <ChangeAsmInfo>False</ChangeAsmInfo>
  <Keylogger>False</Keylogger>
  <LogDirectoryName>Logs</LogDirectoryName>
  <HideLogDirectory>False</HideLogDirectory>
  <ProductName>
  </ProductName>
  <Description>
  </Description>
  <CompanyName>
  </CompanyName>
  <Copyright>
  </Copyright>
  <Trademarks>
  </Trademarks>
  <OriginalFilename>
  </OriginalFilename>
  <ProductVersion>
  </ProductVersion>
  <FileVersion>
  </FileVersion>
  <Ngrok>
  </Ngrok>
</settings>